{"format":2,"version":"5.3","globals":"a7f5235a85fa2dd8e6bee4c3de0cb5e3","files":{"exceptionalHandling_py":{"hash":"fd409f5b0d770c189a4f73f5397325c5","index":{"nums":[1,5,0,2,0,0,0],"html_filename":"exceptionalHandling_py.html","relative_filename":"exceptionalHandling.py"}},"main_py":{"hash":"ffbf593bb9a354d7766a983cff6cdeb4","index":{"nums":[1,28,0,23,0,0,0],"html_filename":"main_py.html","relative_filename":"main.py"}},"testModule_py":{"hash":"6145d4087129eff803faf914734f2860","index":{"nums":[1,62,0,0,0,0,0],"html_filename":"testModule_py.html","relative_filename":"testModule.py"}},"tools_py":{"hash":"a3c9eae912b116ee35d5b220a21fb13a","index":{"nums":[1,67,0,12,0,0,0],"html_filename":"tools_py.html","relative_filename":"tools.py"}}}}